User ID,Age,Gender,Location,Subscription Status
0,19,Male,Punjab,Free
1,52,Female,Gujarat,Free
2,30,Female,Kerala,Free
3,37,Female,Bihar,Free
4,43,Female,Tamil Nadu,Premium
5,51,Other,Kerala,Free
6,54,Female,Tamil Nadu,Premium
7,49,Male,Bihar,Premium
8,51,Male,Assam,Free
9,28,Female,Madhya Pradesh,Free
10,47,Female,Arunachal Pradesh,Free
11,35,Female,Madhya Pradesh,Free
12,42,Male,Assam,Free
13,31,Female,West Bengal,Premium
14,59,Female,Assam,Free
15,41,Male,Uttar Pradesh,Free
16,37,Other,Punjab,Free
17,37,Male,Goa,Free
18,48,Female,Sikkim,Free
19,32,Female,Odisha,Premium
20,50,Male,Madhya Pradesh,Free
21,55,Male,Assam,Premium
22,28,Male,Gujarat,Free
23,21,Male,Andhra Pradesh,Free
24,56,Male,Odisha,Premium
25,33,Other,Jharkhand,Free
26,21,Female,Punjab,Free
27,40,Male,Karnataka,Free
28,33,Male,Gujarat,Free
29,57,Other,Goa,Free
30,38,Female,Kerala,Free
31,24,Male,West Bengal,Premium
32,49,Male,Himachal Pradesh,Premium
33,56,Female,Bihar,Free
34,35,Other,Himachal Pradesh,Free
35,40,Male,Manipur,Free
36,42,Female,Nagaland,Free
37,33,Other,Madhya Pradesh,Free
38,48,Female,Telangana,Free
39,51,Other,Assam,Free
40,31,Female,Tripura,Premium
41,55,Male,Telangana,Free
42,29,Female,Uttar Pradesh,Free
43,36,Male,Himachal Pradesh,Free
44,46,Male,Mizoram,Premium
45,20,Male,Goa,Premium
46,40,Female,West Bengal,Free
47,42,Male,Haryana,Premium
48,34,Female,Arunachal Pradesh,Premium
49,33,Male,Meghalaya,Free
50,28,Female,Andhra Pradesh,Free
51,28,Female,Tamil Nadu,Premium
52,45,Female,West Bengal,Free
53,50,Other,Tamil Nadu,Free
54,44,Male,Mizoram,Free
55,43,Other,Tripura,Free
56,40,Male,Jharkhand,Free
57,38,Other,Odisha,Free
58,53,Male,West Bengal,Free
59,43,Other,Maharashtra,Free
60,43,Female,Meghalaya,Premium
61,32,Male,Punjab,Free
62,38,Female,Karnataka,Free
63,50,Male,Gujarat,Free
64,23,Female,Haryana,Premium
65,42,Male,Uttarakhand,Premium
66,35,Male,Himachal Pradesh,Premium
67,41,Male,Telangana,Premium
68,18,Male,Sikkim,Premium
69,60,Male,Jharkhand,Free
70,39,Female,Maharashtra,Free
71,36,Female,Goa,Free
72,40,Male,Tamil Nadu,Free
73,26,Male,Jharkhand,Free
74,43,Female,Mizoram,Premium
75,34,Male,Haryana,Premium
76,33,Male,Maharashtra,Premium
77,31,Female,Assam,Free
78,46,Other,Mizoram,Free
79,35,Male,Tripura,Free
80,45,Female,Odisha,Premium
81,33,Female,Tamil Nadu,Free
82,25,Male,Himachal Pradesh,Premium
83,34,Female,Madhya Pradesh,Premium
84,48,Female,Manipur,Free
85,45,Male,Madhya Pradesh,Premium
86,48,Male,Maharashtra,Free
87,42,Male,Haryana,Free
88,30,Female,Punjab,Free
89,41,Male,Punjab,Premium
90,54,Male,Mizoram,Premium
91,44,Male,Goa,Free
92,34,Female,Maharashtra,Premium
93,39,Male,Jharkhand,Free
94,51,Male,Manipur,Free
95,42,Other,Tripura,Free
96,28,Male,Mizoram,Premium
97,29,Female,Maharashtra,Free
98,41,Female,Uttar Pradesh,Free
99,32,Female,Nagaland,Free
100,40,Male,Chhattisgarh,Free
101,36,Male,Haryana,Free
102,42,Female,Mizoram,Free
103,37,Male,Rajasthan,Premium
104,41,Male,Rajasthan,Premium
105,47,Female,Assam,Free
106,31,Female,Meghalaya,Premium
107,23,Male,Telangana,Free
108,40,Female,Sikkim,Free
109,32,Female,Nagaland,Free
110,36,Other,Jharkhand,Free
111,29,Male,Uttar Pradesh,Premium
112,33,Female,Sikkim,Free
113,40,Male,Assam,Free
114,57,Female,Madhya Pradesh,Premium
115,39,Male,Telangana,Free
116,31,Female,Uttar Pradesh,Premium
117,35,Other,Nagaland,Free
118,35,Male,Arunachal Pradesh,Free
119,58,Other,Madhya Pradesh,Free
120,32,Male,Sikkim,Free
121,38,Male,Bihar,Premium
122,20,Other,West Bengal,Free
123,51,Female,Goa,Free
124,42,Male,Maharashtra,Premium
125,37,Female,Assam,Free
126,41,Female,Jharkhand,Free
127,36,Male,Jharkhand,Free
128,31,Female,Himachal Pradesh,Free
129,34,Male,Rajasthan,Free
130,18,Female,Rajasthan,Free
131,40,Female,Himachal Pradesh,Free
132,26,Male,Jharkhand,Premium
133,28,Female,Odisha,Free
134,41,Female,Haryana,Free
135,23,Male,Madhya Pradesh,Free
136,34,Male,Gujarat,Free
137,38,Male,Meghalaya,Premium
138,35,Female,Haryana,Free
139,18,Female,Haryana,Premium
140,29,Male,Gujarat,Free
141,27,Other,Andhra Pradesh,Free
142,34,Female,Arunachal Pradesh,Free
143,54,Other,Tamil Nadu,Premium
144,48,Male,Sikkim,Free
145,50,Other,Nagaland,Free
146,33,Female,Uttarakhand,Free
147,35,Male,West Bengal,Premium
148,44,Male,Maharashtra,Free
149,32,Female,Chhattisgarh,Free
150,18,Female,Assam,Free
151,46,Male,Kerala,Free
152,37,Male,Haryana,Premium
153,43,Male,Mizoram,Free
154,27,Female,Bihar,Free
155,31,Female,West Bengal,Premium
156,21,Female,Punjab,Free
157,37,Other,Sikkim,Free
158,34,Female,West Bengal,Premium
159,36,Male,Assam,Free
160,35,Male,Odisha,Premium
161,40,Male,Odisha,Premium
162,32,Male,Tamil Nadu,Premium
163,47,Female,Madhya Pradesh,Premium
164,34,Female,Uttar Pradesh,Premium
165,36,Other,Assam,Free
166,42,Male,Gujarat,Free
167,40,Male,Himachal Pradesh,Premium
168,23,Female,Chhattisgarh,Free
169,29,Male,Andhra Pradesh,Free
170,24,Male,Maharashtra,Free
171,49,Male,Haryana,Free
172,43,Male,Maharashtra,Premium
173,40,Male,Arunachal Pradesh,Free
174,36,Male,Sikkim,Free
175,34,Female,Jharkhand,Free
176,36,Other,Telangana,Premium
177,32,Female,Kerala,Free
178,42,Female,Karnataka,Free
179,41,Other,Karnataka,Premium
180,42,Male,Goa,Free
181,41,Male,West Bengal,Premium
182,40,Female,Madhya Pradesh,Free
183,34,Other,Sikkim,Free
184,18,Female,Andhra Pradesh,Free
185,42,Male,Goa,Free
186,34,Male,Tripura,Free
187,30,Male,Madhya Pradesh,Free
188,45,Male,Andhra Pradesh,Free
189,32,Male,Arunachal Pradesh,Free
190,42,Male,Haryana,Free
191,18,Female,Arunachal Pradesh,Premium
192,20,Male,Uttar Pradesh,Free
193,29,Male,Andhra Pradesh,Free
194,42,Female,Assam,Premium
195,46,Other,Assam,Free
196,31,Other,Arunachal Pradesh,Free
197,41,Male,Jharkhand,Free
198,39,Male,Madhya Pradesh,Premium
199,38,Male,Tamil Nadu,Premium
200,32,Other,Bihar,Premium
201,53,Other,Haryana,Free
202,51,Male,Goa,Premium
203,54,Female,Manipur,Free
204,38,Male,Arunachal Pradesh,Free
205,40,Male,Haryana,Premium
206,47,Female,Rajasthan,Free
207,39,Male,Himachal Pradesh,Free
208,36,Other,Uttarakhand,Free
209,38,Female,West Bengal,Free
210,35,Female,Maharashtra,Free
211,58,Female,Kerala,Premium
212,47,Female,Manipur,Premium
213,36,Male,Arunachal Pradesh,Free
214,27,Male,Manipur,Premium
215,42,Female,Punjab,Free
216,39,Female,Himachal Pradesh,Premium
217,25,Female,Haryana,Free
218,38,Male,Mizoram,Premium
219,48,Male,Meghalaya,Free
220,39,Male,Kerala,Premium
221,39,Female,Madhya Pradesh,Free
222,52,Female,Manipur,Premium
223,35,Male,Andhra Pradesh,Premium
224,43,Other,Tamil Nadu,Free
225,31,Other,West Bengal,Free
226,23,Female,Mizoram,Free
227,44,Female,Tamil Nadu,Free
228,60,Male,Arunachal Pradesh,Premium
229,41,Female,Himachal Pradesh,Premium
230,44,Male,Maharashtra,Premium
231,19,Male,Telangana,Free
232,39,Female,Nagaland,Free
233,38,Male,Uttarakhand,Free
234,36,Male,Meghalaya,Premium
235,49,Male,Arunachal Pradesh,Premium
236,29,Male,Kerala,Premium
237,37,Male,Nagaland,Premium
238,35,Male,Uttarakhand,Free
239,35,Male,Gujarat,Free
240,43,Female,Uttarakhand,Free
241,45,Female,Jharkhand,Free
242,39,Male,Karnataka,Free
243,23,Male,Telangana,Free
244,47,Male,Manipur,Free
245,55,Male,Assam,Free
246,30,Female,Jharkhand,Free
247,34,Other,Punjab,Free
248,47,Male,Bihar,Free
249,30,Female,Uttarakhand,Free
250,20,Male,Andhra Pradesh,Premium
251,46,Male,Maharashtra,Free
252,49,Male,Tripura,Premium
253,48,Other,Andhra Pradesh,Free
254,37,Other,Telangana,Free
255,40,Male,Rajasthan,Premium
256,40,Male,Sikkim,Free
257,46,Male,Odisha,Free
258,39,Male,Himachal Pradesh,Premium
259,36,Male,Telangana,Free
260,34,Female,Rajasthan,Premium
261,48,Other,Karnataka,Free
262,41,Female,Maharashtra,Free
263,47,Other,Uttar Pradesh,Free
264,28,Other,Madhya Pradesh,Premium
265,30,Male,Haryana,Free
266,50,Male,Tamil Nadu,Premium
267,35,Other,Telangana,Free
268,48,Female,Tamil Nadu,Premium
269,60,Other,Manipur,Premium
270,35,Female,Nagaland,Free
271,41,Female,Kerala,Free
272,46,Male,Punjab,Premium
273,20,Female,Bihar,Free
274,31,Male,Arunachal Pradesh,Free
275,26,Other,Himachal Pradesh,Free
276,48,Male,Kerala,Free
277,22,Male,Tripura,Free
278,40,Male,Kerala,Free
279,35,Other,Sikkim,Free
280,28,Female,Uttarakhand,Free
281,42,Male,Mizoram,Premium
282,30,Female,Madhya Pradesh,Free
283,27,Other,Tamil Nadu,Premium
284,39,Male,Rajasthan,Free
285,33,Female,Jharkhand,Free
286,58,Male,Tripura,Premium
287,38,Female,Jharkhand,Premium
288,33,Male,Telangana,Free
289,33,Male,West Bengal,Premium
290,40,Female,Uttar Pradesh,Premium
291,39,Female,Andhra Pradesh,Free
292,60,Male,Karnataka,Free
293,42,Male,Nagaland,Premium
294,37,Female,Madhya Pradesh,Free
295,36,Male,Manipur,Free
296,43,Male,Madhya Pradesh,Free
297,49,Female,Uttar Pradesh,Premium
298,30,Other,Tripura,Premium
299,29,Male,Nagaland,Free
300,42,Female,Arunachal Pradesh,Free
301,42,Male,Arunachal Pradesh,Premium
302,51,Male,Uttarakhand,Free
303,20,Other,Arunachal Pradesh,Free
304,30,Female,Madhya Pradesh,Free
305,60,Male,Jharkhand,Premium
306,23,Male,Madhya Pradesh,Free
307,46,Female,Madhya Pradesh,Premium
308,50,Female,Odisha,Free
309,26,Male,West Bengal,Premium
310,51,Other,Andhra Pradesh,Free
311,32,Male,West Bengal,Free
312,44,Male,Haryana,Premium
313,43,Male,Meghalaya,Free
314,31,Female,Uttarakhand,Premium
315,21,Female,Rajasthan,Free
316,40,Male,Meghalaya,Premium
317,41,Other,Nagaland,Free
318,35,Male,Manipur,Free
319,44,Other,West Bengal,Free
320,43,Female,Arunachal Pradesh,Free
321,31,Female,Meghalaya,Free
322,35,Male,Himachal Pradesh,Free
323,30,Female,Nagaland,Premium
324,36,Other,Assam,Free
325,35,Male,Haryana,Premium
326,50,Male,Maharashtra,Premium
327,41,Male,Uttar Pradesh,Free
328,28,Other,Assam,Premium
329,39,Female,Tripura,Free
330,33,Male,Karnataka,Premium
331,51,Male,Andhra Pradesh,Premium
332,52,Female,Uttar Pradesh,Premium
333,35,Male,Assam,Free
334,32,Female,Chhattisgarh,Premium
335,36,Female,Uttar Pradesh,Free
336,30,Male,West Bengal,Premium
337,25,Other,Tamil Nadu,Free
338,56,Female,Maharashtra,Free
339,58,Male,Sikkim,Premium
340,33,Female,Meghalaya,Free
341,49,Female,Goa,Free
342,55,Female,Telangana,Free
343,44,Other,Punjab,Free
344,32,Female,Uttarakhand,Free
345,44,Female,Maharashtra,Premium
346,36,Male,Tamil Nadu,Free
347,27,Male,Himachal Pradesh,Free
348,41,Female,Gujarat,Free
349,58,Female,Chhattisgarh,Free
350,25,Male,Meghalaya,Free
351,34,Female,Andhra Pradesh,Premium
352,51,Male,Assam,Free
353,37,Male,Tripura,Free
354,41,Male,Odisha,Premium
355,31,Male,Tripura,Premium
356,36,Male,Karnataka,Free
357,30,Male,Uttar Pradesh,Premium
358,30,Other,West Bengal,Free
359,39,Male,Telangana,Free
360,36,Male,Uttar Pradesh,Premium
361,53,Male,Assam,Free
362,30,Male,Nagaland,Free
363,57,Other,Punjab,Free
364,54,Other,Tamil Nadu,Free
365,44,Male,Haryana,Free
366,45,Male,Madhya Pradesh,Free
367,46,Male,Arunachal Pradesh,Free
368,40,Other,Telangana,Premium
369,45,Female,Bihar,Premium
370,42,Male,Chhattisgarh,Free
371,30,Other,Goa,Premium
372,60,Female,Meghalaya,Premium
373,48,Female,Nagaland,Premium
374,39,Female,Tripura,Premium
375,25,Female,Sikkim,Free
376,45,Male,Bihar,Premium
377,53,Female,Tripura,Premium
378,46,Male,Bihar,Premium
379,56,Female,Himachal Pradesh,Premium
380,50,Female,Goa,Premium
381,40,Other,Nagaland,Free
382,36,Female,Mizoram,Free
383,49,Male,Haryana,Premium
384,46,Female,Madhya Pradesh,Free
385,35,Female,West Bengal,Free
386,59,Male,Odisha,Free
387,33,Female,Maharashtra,Free
388,52,Female,Tamil Nadu,Free
389,44,Male,Uttar Pradesh,Free
390,27,Female,Tripura,Free
391,46,Female,Haryana,Free
392,43,Other,Goa,Free
393,30,Male,Arunachal Pradesh,Free
394,35,Other,Maharashtra,Free
395,60,Other,Rajasthan,Premium
396,44,Female,Rajasthan,Free
397,28,Female,Uttarakhand,Free
398,24,Female,Uttarakhand,Premium
399,27,Other,Punjab,Free
400,27,Other,Karnataka,Premium
401,28,Other,Arunachal Pradesh,Free
402,29,Male,Punjab,Free
403,38,Female,Kerala,Free
404,49,Male,Sikkim,Premium
405,44,Male,Nagaland,Premium
406,45,Female,Telangana,Free
407,47,Female,Manipur,Free
408,50,Male,Andhra Pradesh,Premium
409,30,Female,Karnataka,Free
410,44,Female,Himachal Pradesh,Premium
411,18,Female,Himachal Pradesh,Free
412,45,Male,Andhra Pradesh,Free
413,47,Male,Chhattisgarh,Premium
414,25,Female,West Bengal,Free
415,36,Female,Arunachal Pradesh,Premium
416,41,Female,Sikkim,Free
417,47,Other,Bihar,Premium
418,31,Female,Maharashtra,Premium
419,56,Female,Karnataka,Premium
420,40,Female,Maharashtra,Free
421,51,Other,Odisha,Free
422,56,Female,Haryana,Premium
423,45,Male,Assam,Free
424,27,Male,Uttarakhand,Free
425,44,Other,West Bengal,Free
426,34,Female,Tamil Nadu,Premium
427,28,Male,Kerala,Free
428,42,Other,Tripura,Premium
429,50,Other,Himachal Pradesh,Free
430,50,Female,Mizoram,Free
431,37,Male,Telangana,Free
432,33,Male,Himachal Pradesh,Premium
433,38,Female,Arunachal Pradesh,Free
434,32,Male,Kerala,Free
435,34,Male,Goa,Premium
436,30,Female,Manipur,Free
437,18,Female,Nagaland,Premium
438,49,Female,Arunachal Pradesh,Premium
439,48,Male,Haryana,Premium
440,22,Male,Uttarakhand,Free
441,60,Other,Kerala,Premium
442,49,Male,Andhra Pradesh,Premium
443,43,Male,Uttarakhand,Free
444,60,Other,Bihar,Free
445,27,Female,Tamil Nadu,Free
446,38,Male,Sikkim,Premium
447,33,Female,Mizoram,Free
448,41,Male,Tripura,Free
449,46,Female,Telangana,Free
450,48,Other,Sikkim,Free
451,38,Male,Nagaland,Free
452,29,Male,Bihar,Premium
453,53,Female,Uttar Pradesh,Premium
454,33,Female,Punjab,Premium
455,46,Female,Maharashtra,Free
456,42,Male,Chhattisgarh,Free
457,47,Other,Chhattisgarh,Free
458,18,Male,Andhra Pradesh,Free
459,48,Male,Tamil Nadu,Free
460,30,Female,Haryana,Free
461,60,Male,Arunachal Pradesh,Free
462,37,Other,Goa,Free
463,48,Female,Andhra Pradesh,Premium
464,31,Female,Meghalaya,Premium
465,46,Other,Goa,Free
466,44,Male,Mizoram,Premium
467,31,Female,Maharashtra,Free
468,44,Other,Assam,Premium
469,28,Female,Nagaland,Premium
470,32,Male,Arunachal Pradesh,Free
471,39,Male,Madhya Pradesh,Free
472,55,Female,Assam,Free
473,24,Female,Karnataka,Free
474,46,Male,Jharkhand,Free
475,18,Male,Arunachal Pradesh,Free
476,43,Male,Gujarat,Free
477,27,Female,Maharashtra,Free
478,44,Male,Bihar,Free
479,55,Other,Assam,Free
480,54,Female,Tripura,Premium
481,25,Male,Odisha,Free
482,51,Female,Punjab,Free
483,32,Other,Odisha,Premium
484,34,Male,Tripura,Free
485,33,Male,Sikkim,Free
486,28,Male,Telangana,Free
487,36,Female,Uttar Pradesh,Free
488,60,Male,Himachal Pradesh,Free
489,26,Male,Bihar,Free
490,41,Male,Himachal Pradesh,Free
491,40,Male,Karnataka,Premium
492,40,Female,Chhattisgarh,Premium
493,43,Female,Jharkhand,Premium
494,32,Male,Punjab,Premium
495,29,Male,Arunachal Pradesh,Free
496,24,Female,Sikkim,Premium
497,32,Female,Karnataka,Premium
498,37,Male,Goa,Premium
499,60,Male,Jharkhand,Free
500,31,Other,Himachal Pradesh,Free
501,34,Female,Andhra Pradesh,Free
502,51,Male,Uttar Pradesh,Free
503,47,Female,Haryana,Free
504,42,Male,Arunachal Pradesh,Free
505,26,Male,Punjab,Free
506,45,Other,Punjab,Free
507,37,Male,Arunachal Pradesh,Free
508,56,Male,Chhattisgarh,Premium
509,44,Other,Karnataka,Premium
510,30,Female,Haryana,Free
511,42,Male,Karnataka,Premium
512,28,Male,Uttarakhand,Premium
513,33,Other,Uttar Pradesh,Free
514,40,Other,Maharashtra,Free
515,34,Male,Madhya Pradesh,Free
516,57,Other,Kerala,Premium
517,31,Female,Rajasthan,Free
518,42,Male,Bihar,Premium
519,36,Female,Tripura,Premium
520,18,Female,Tamil Nadu,Premium
521,48,Male,Nagaland,Premium
522,26,Male,Telangana,Premium
523,36,Other,Sikkim,Premium
524,47,Other,Karnataka,Free
525,32,Male,Tamil Nadu,Premium
526,32,Female,Maharashtra,Premium
527,35,Male,Andhra Pradesh,Free
528,33,Female,Assam,Free
529,41,Male,Punjab,Premium
530,33,Male,Haryana,Free
531,39,Other,Meghalaya,Premium
532,45,Other,Uttarakhand,Free
533,40,Other,Jharkhand,Free
534,28,Male,Karnataka,Free
535,37,Female,Kerala,Free
536,44,Male,Manipur,Free
537,55,Other,Mizoram,Free
538,36,Male,Telangana,Free
539,56,Female,Sikkim,Free
540,23,Male,Madhya Pradesh,Free
541,43,Male,Maharashtra,Premium
542,32,Male,Nagaland,Premium
543,50,Male,Punjab,Free
544,44,Male,Maharashtra,Premium
545,43,Female,Andhra Pradesh,Free
546,52,Female,Tamil Nadu,Free
547,42,Other,Tamil Nadu,Free
548,26,Male,Andhra Pradesh,Premium
549,25,Other,Uttarakhand,Free
550,31,Female,Tripura,Free
551,43,Female,Uttarakhand,Free
552,45,Other,Haryana,Premium
553,48,Female,Chhattisgarh,Free
554,39,Female,Mizoram,Free
555,38,Male,Gujarat,Premium
556,20,Male,Goa,Free
557,36,Male,Arunachal Pradesh,Premium
558,22,Male,West Bengal,Free
559,38,Female,Goa,Free
560,34,Male,Meghalaya,Premium
561,27,Male,Telangana,Premium
562,34,Male,Uttar Pradesh,Free
563,35,Male,Jharkhand,Free
564,34,Other,Manipur,Free
565,31,Female,Andhra Pradesh,Free
566,56,Female,Tamil Nadu,Premium
567,37,Female,Chhattisgarh,Premium
568,37,Female,Jharkhand,Premium
569,46,Male,Mizoram,Premium
570,36,Female,Andhra Pradesh,Free
571,20,Male,Chhattisgarh,Free
572,29,Other,Manipur,Premium
573,18,Female,Arunachal Pradesh,Free
574,40,Other,Odisha,Free
575,52,Male,Karnataka,Free
576,38,Male,Tripura,Free
577,33,Female,Himachal Pradesh,Free
578,30,Male,Himachal Pradesh,Free
579,48,Male,Jharkhand,Free
580,39,Other,Sikkim,Premium
581,46,Female,Himachal Pradesh,Free
582,29,Male,Chhattisgarh,Premium
583,50,Other,Tamil Nadu,Free
584,40,Male,Andhra Pradesh,Free
585,20,Male,Chhattisgarh,Free
586,36,Male,Andhra Pradesh,Free
587,35,Female,Haryana,Free
588,42,Male,Meghalaya,Free
589,45,Male,Karnataka,Premium
590,21,Female,Odisha,Premium
591,50,Female,Meghalaya,Free
592,36,Male,Punjab,Premium
593,35,Other,Telangana,Premium
594,41,Other,Nagaland,Premium
595,33,Female,Uttar Pradesh,Premium
596,31,Other,Tripura,Free
597,28,Female,Jharkhand,Premium
598,29,Male,Mizoram,Free
599,32,Female,Madhya Pradesh,Premium
600,43,Male,Rajasthan,Free
601,49,Male,Uttarakhand,Premium
602,34,Female,Tamil Nadu,Free
603,44,Male,Uttar Pradesh,Free
604,18,Male,Uttarakhand,Free
605,43,Male,Assam,Free
606,39,Female,West Bengal,Free
607,36,Female,Chhattisgarh,Premium
608,26,Male,Tripura,Premium
609,35,Female,Odisha,Free
610,29,Male,Haryana,Free
611,26,Female,Kerala,Free
612,39,Other,Gujarat,Free
613,42,Male,Madhya Pradesh,Free
614,48,Other,Tripura,Free
615,29,Female,Jharkhand,Free
616,36,Male,Telangana,Free
617,38,Female,Goa,Free
618,44,Male,Himachal Pradesh,Free
619,52,Male,Jharkhand,Premium
620,38,Male,Arunachal Pradesh,Free
621,27,Female,Tripura,Free
622,48,Male,Nagaland,Free
623,42,Female,Tamil Nadu,Free
624,51,Male,Meghalaya,Premium
625,39,Male,Assam,Free
626,28,Female,Madhya Pradesh,Free
627,47,Male,Sikkim,Free
628,51,Male,West Bengal,Premium
629,31,Female,Maharashtra,Free
630,41,Other,Meghalaya,Free
631,30,Male,West Bengal,Premium
632,56,Female,Jharkhand,Free
633,44,Female,Uttarakhand,Free
634,50,Male,Tripura,Premium
635,36,Other,Nagaland,Premium
636,37,Male,Bihar,Free
637,18,Male,Odisha,Free
638,44,Other,Telangana,Free
639,33,Female,Telangana,Premium
640,37,Male,Punjab,Free
641,38,Female,Haryana,Premium
642,44,Other,Arunachal Pradesh,Free
643,28,Other,Meghalaya,Free
644,43,Female,Bihar,Free
645,27,Other,Bihar,Premium
646,47,Male,Jharkhand,Free
647,42,Other,Mizoram,Free
648,33,Female,Haryana,Free
649,45,Other,Arunachal Pradesh,Free
650,37,Male,Telangana,Free
651,30,Other,Maharashtra,Premium
652,56,Male,Mizoram,Premium
653,50,Male,Chhattisgarh,Premium
654,30,Male,Karnataka,Free
655,38,Male,Uttar Pradesh,Premium
656,48,Female,Jharkhand,Premium
657,45,Male,Karnataka,Free
658,30,Female,Jharkhand,Premium
659,20,Female,Haryana,Premium
660,42,Female,Sikkim,Free
661,60,Other,Karnataka,Premium
662,46,Male,Assam,Premium
663,34,Male,Goa,Free
664,46,Male,Haryana,Premium
665,48,Female,Meghalaya,Free
666,29,Female,Punjab,Free
667,22,Female,Tamil Nadu,Free
668,31,Female,Punjab,Premium
669,28,Female,Meghalaya,Premium
670,38,Male,Nagaland,Free
671,48,Other,Goa,Free
672,41,Other,Maharashtra,Premium
673,33,Male,Uttarakhand,Free
674,42,Male,Nagaland,Premium
675,45,Male,Meghalaya,Free
676,23,Female,Mizoram,Free
677,50,Female,Madhya Pradesh,Free
678,55,Male,Sikkim,Premium
679,23,Female,Kerala,Free
680,44,Other,Punjab,Free
681,37,Male,Telangana,Free
682,34,Other,Maharashtra,Premium
683,43,Male,Odisha,Premium
684,43,Male,Chhattisgarh,Free
685,44,Male,Telangana,Free
686,59,Female,Andhra Pradesh,Free
687,33,Male,Rajasthan,Free
688,41,Other,Arunachal Pradesh,Free
689,35,Female,Punjab,Premium
690,57,Other,Chhattisgarh,Free
691,40,Female,Arunachal Pradesh,Free
692,48,Female,Tripura,Free
693,35,Male,Tripura,Free
694,44,Male,Himachal Pradesh,Free
695,40,Other,Manipur,Free
696,47,Male,Manipur,Free
697,36,Female,Haryana,Free
698,40,Male,Assam,Premium
699,23,Female,Nagaland,Free
700,42,Female,Himachal Pradesh,Premium
701,29,Female,Kerala,Premium
702,56,Female,Gujarat,Premium
703,45,Female,Punjab,Free
704,18,Male,Gujarat,Premium
705,42,Male,Mizoram,Free
706,18,Male,Kerala,Premium
707,44,Female,West Bengal,Premium
708,31,Male,Maharashtra,Free
709,32,Male,Uttar Pradesh,Free
710,44,Female,Rajasthan,Free
711,38,Male,Sikkim,Free
712,46,Male,Chhattisgarh,Free
713,60,Male,Odisha,Free
714,31,Female,Punjab,Premium
715,38,Other,Rajasthan,Free
716,28,Male,Uttar Pradesh,Free
717,58,Other,Chhattisgarh,Premium
718,44,Other,Punjab,Free
719,39,Other,Karnataka,Premium
720,21,Male,Arunachal Pradesh,Free
721,24,Male,West Bengal,Free
722,18,Male,Haryana,Free
723,46,Female,Manipur,Premium
724,52,Female,Telangana,Premium
725,50,Male,Tripura,Premium
726,55,Male,Nagaland,Free
727,31,Female,Rajasthan,Free
728,45,Female,Telangana,Free
729,39,Female,Haryana,Free
730,43,Female,Goa,Free
731,34,Female,Nagaland,Free
732,38,Other,Uttar Pradesh,Premium
733,32,Other,Arunachal Pradesh,Premium
734,43,Female,Rajasthan,Premium
735,47,Other,Jharkhand,Premium
736,52,Other,Goa,Free
737,31,Female,Tamil Nadu,Free
738,30,Female,Kerala,Premium
739,26,Male,Haryana,Free
740,38,Male,Madhya Pradesh,Premium
741,48,Male,Punjab,Free
742,32,Female,Uttarakhand,Free
743,38,Other,Meghalaya,Free
744,33,Other,Mizoram,Premium
745,28,Female,Uttarakhand,Free
746,47,Male,Chhattisgarh,Free
747,46,Female,Sikkim,Free
748,49,Other,Gujarat,Free
749,18,Other,Uttarakhand,Free
750,38,Female,Tripura,Premium
751,46,Male,Manipur,Free
752,25,Male,Himachal Pradesh,Free
753,45,Other,Haryana,Premium
754,50,Male,Uttar Pradesh,Premium
755,28,Female,Manipur,Free
756,33,Other,Arunachal Pradesh,Free
757,49,Male,Uttarakhand,Free
758,18,Female,Odisha,Free
759,50,Female,Tamil Nadu,Premium
760,42,Female,Maharashtra,Premium
761,33,Other,Chhattisgarh,Premium
762,50,Male,Rajasthan,Premium
763,41,Female,Haryana,Premium
764,27,Male,Karnataka,Premium
765,32,Female,Punjab,Premium
766,36,Male,West Bengal,Premium
767,46,Female,Tripura,Free
768,48,Male,Rajasthan,Free
769,31,Other,Mizoram,Free
770,45,Female,Himachal Pradesh,Free
771,32,Male,Madhya Pradesh,Free
772,27,Female,Mizoram,Free
773,36,Male,Bihar,Premium
774,29,Other,Gujarat,Free
775,32,Other,Madhya Pradesh,Free
776,43,Male,Nagaland,Premium
777,49,Other,Rajasthan,Premium
778,40,Other,Uttarakhand,Free
779,31,Female,Haryana,Premium
780,28,Female,Himachal Pradesh,Free
781,30,Male,Odisha,Free
782,33,Male,Arunachal Pradesh,Free
783,44,Male,Nagaland,Premium
784,30,Female,Gujarat,Premium
785,34,Male,Assam,Premium
786,50,Male,Uttar Pradesh,Free
787,38,Female,Uttarakhand,Free
788,31,Female,Haryana,Free
789,44,Other,Gujarat,Premium
790,39,Male,Arunachal Pradesh,Free
791,37,Male,Bihar,Free
792,36,Male,Meghalaya,Free
793,30,Male,Himachal Pradesh,Free
794,38,Female,Andhra Pradesh,Free
795,47,Male,Bihar,Free
796,46,Other,Odisha,Premium
797,40,Other,Kerala,Premium
798,40,Male,Mizoram,Premium
799,34,Male,Manipur,Premium
800,44,Male,Maharashtra,Free
801,38,Other,Maharashtra,Free
802,54,Male,Arunachal Pradesh,Free
803,34,Female,Sikkim,Free
804,33,Male,Andhra Pradesh,Premium
805,44,Male,Arunachal Pradesh,Free
806,30,Female,Gujarat,Free
807,37,Male,Meghalaya,Premium
808,41,Other,Bihar,Free
809,29,Female,Odisha,Premium
810,34,Male,Arunachal Pradesh,Free
811,51,Male,Sikkim,Premium
812,36,Female,Uttarakhand,Premium
813,29,Other,Meghalaya,Free
814,37,Other,Assam,Premium
815,60,Male,Mizoram,Free
816,39,Male,Uttarakhand,Premium
817,48,Male,Andhra Pradesh,Premium
818,38,Female,Chhattisgarh,Free
819,21,Female,Madhya Pradesh,Free
820,28,Male,Tamil Nadu,Premium
821,49,Male,West Bengal,Free
822,42,Female,Uttarakhand,Free
823,42,Male,Mizoram,Free
824,47,Female,Kerala,Premium
825,36,Female,Rajasthan,Free
826,31,Female,Karnataka,Free
827,41,Female,Chhattisgarh,Premium
828,49,Male,Haryana,Premium
829,42,Male,Mizoram,Free
830,19,Female,Tripura,Free
831,41,Female,Haryana,Free
832,35,Male,Haryana,Free
833,45,Female,Odisha,Free
834,41,Male,Arunachal Pradesh,Free
835,27,Other,Tripura,Free
836,37,Male,Rajasthan,Free
837,33,Male,Bihar,Free
838,37,Male,Kerala,Premium
839,56,Female,Chhattisgarh,Free
840,44,Male,Jharkhand,Free
841,46,Female,Madhya Pradesh,Free
842,45,Female,Mizoram,Free
843,41,Male,West Bengal,Premium
844,40,Male,Telangana,Premium
845,18,Female,Kerala,Free
846,25,Male,Meghalaya,Premium
847,41,Female,Tamil Nadu,Free
848,25,Other,Odisha,Free
849,39,Female,Bihar,Free
850,26,Male,Karnataka,Free
851,56,Other,Kerala,Premium
852,46,Female,Jharkhand,Free
853,46,Male,Rajasthan,Premium
854,44,Male,Haryana,Free
855,46,Male,Maharashtra,Free
856,45,Male,Bihar,Premium
857,27,Male,West Bengal,Free
858,45,Female,Uttarakhand,Premium
859,41,Male,Bihar,Premium
860,42,Female,Telangana,Free
861,49,Female,Uttarakhand,Free
862,51,Female,Gujarat,Free
863,40,Male,Punjab,Free
864,51,Other,Punjab,Free
865,18,Other,Tamil Nadu,Free
866,27,Other,Manipur,Premium
867,59,Male,Mizoram,Premium
868,46,Other,Uttarakhand,Free
869,60,Female,Bihar,Free
870,26,Male,Andhra Pradesh,Free
871,31,Female,Odisha,Free
872,43,Female,Goa,Free
873,45,Female,Nagaland,Free
874,42,Male,Kerala,Free
875,30,Male,Bihar,Premium
876,43,Other,Punjab,Premium
877,41,Female,Maharashtra,Premium
878,52,Male,Gujarat,Premium
879,40,Male,Karnataka,Free
880,54,Other,Sikkim,Premium
881,30,Male,Rajasthan,Premium
882,32,Male,Madhya Pradesh,Premium
883,22,Male,Arunachal Pradesh,Premium
884,36,Other,Arunachal Pradesh,Premium
885,40,Female,Karnataka,Premium
886,32,Other,Punjab,Free
887,38,Male,Karnataka,Free
888,39,Male,Tamil Nadu,Premium
889,34,Male,Rajasthan,Premium
890,57,Other,Manipur,Free
891,45,Male,Himachal Pradesh,Free
892,29,Other,Madhya Pradesh,Free
893,39,Female,Uttar Pradesh,Free
894,38,Male,Telangana,Premium
895,49,Male,Himachal Pradesh,Free
896,57,Other,Sikkim,Free
897,32,Female,Andhra Pradesh,Free
898,50,Female,Arunachal Pradesh,Free
899,38,Female,Uttarakhand,Free
900,51,Male,Jharkhand,Premium
901,32,Female,Andhra Pradesh,Premium
902,38,Male,Jharkhand,Premium
903,25,Female,Bihar,Free
904,35,Other,Manipur,Free
905,52,Female,Madhya Pradesh,Premium
906,29,Male,Telangana,Free
907,31,Other,Arunachal Pradesh,Free
908,31,Female,Mizoram,Free
909,29,Other,Bihar,Free
910,50,Male,Odisha,Premium
911,43,Female,Kerala,Free
912,23,Male,Jharkhand,Free
913,35,Female,Tripura,Free
914,37,Female,West Bengal,Premium
915,23,Male,Chhattisgarh,Free
916,53,Female,West Bengal,Premium
917,45,Other,Uttar Pradesh,Free
918,37,Female,Himachal Pradesh,Free
919,48,Female,Odisha,Free
920,38,Male,Rajasthan,Premium
921,29,Male,Karnataka,Premium
922,38,Male,Uttar Pradesh,Free
923,35,Other,Rajasthan,Free
924,30,Male,Maharashtra,Free
925,39,Other,Meghalaya,Free
926,42,Other,Bihar,Free
927,50,Other,Rajasthan,Premium
928,43,Other,Assam,Free
929,37,Male,Himachal Pradesh,Free
930,30,Male,Haryana,Premium
931,52,Other,Punjab,Free
932,49,Male,Chhattisgarh,Free
933,28,Male,Meghalaya,Free
934,33,Female,Assam,Premium
935,36,Other,Mizoram,Free
936,20,Female,Assam,Free
937,44,Male,West Bengal,Premium
938,23,Male,Andhra Pradesh,Free
939,37,Male,Himachal Pradesh,Free
940,47,Female,Himachal Pradesh,Premium
941,33,Female,Nagaland,Premium
942,53,Male,Bihar,Free
943,30,Male,Himachal Pradesh,Free
944,36,Female,Assam,Free
945,40,Female,Bihar,Free
946,43,Other,Assam,Free
947,46,Female,Himachal Pradesh,Free
948,38,Female,Himachal Pradesh,Premium
949,46,Other,Assam,Free
950,33,Other,Odisha,Premium
951,27,Female,Assam,Premium
952,48,Male,Maharashtra,Free
953,40,Other,Goa,Free
954,32,Male,Maharashtra,Free
955,52,Other,Assam,Premium
956,52,Male,Jharkhand,Free
957,28,Male,Odisha,Free
958,33,Female,Kerala,Premium
959,25,Male,West Bengal,Premium
960,46,Female,Jharkhand,Free
961,57,Female,Manipur,Premium
962,24,Male,Odisha,Free
963,32,Male,Chhattisgarh,Free
964,43,Male,Himachal Pradesh,Free
965,54,Female,Odisha,Free
966,52,Female,Tripura,Free
967,26,Female,West Bengal,Free
968,29,Other,Mizoram,Premium
969,40,Female,Tripura,Premium
970,32,Female,Nagaland,Free
971,40,Male,Andhra Pradesh,Free
972,36,Male,Bihar,Premium
973,23,Male,Odisha,Premium
974,48,Other,Kerala,Free
975,36,Male,Karnataka,Premium
976,37,Male,Nagaland,Premium
977,36,Female,Andhra Pradesh,Premium
978,26,Male,Nagaland,Free
979,32,Male,Jharkhand,Free
980,37,Male,Mizoram,Premium
981,24,Other,Bihar,Free
982,34,Male,Arunachal Pradesh,Free
983,34,Other,Chhattisgarh,Premium
984,50,Male,Uttar Pradesh,Free
985,47,Male,Uttarakhand,Free
986,56,Male,Chhattisgarh,Free
987,35,Female,Odisha,Premium
988,57,Female,Odisha,Free
989,42,Female,Telangana,Free
990,52,Male,Jharkhand,Free
991,50,Male,Nagaland,Free
992,39,Male,Himachal Pradesh,Free
993,46,Male,Uttar Pradesh,Premium
994,48,Male,Gujarat,Free
995,34,Other,Madhya Pradesh,Premium
996,27,Male,Odisha,Free
997,37,Female,Assam,Free
998,40,Male,Madhya Pradesh,Premium
999,48,Female,Tamil Nadu,Free
